Buffer,Agency,Line(s),Station Name,Year Opened,Latitude,Longitude,Block_FIPS,FIPS
Existing Transit,Amtrak ,Hiawatha,Amtrak Milwaukee,Pre-2000,43.0345,-87.9166,550791874003003,55079187400
Existing Transit,Amtrak ,Hiawatha,Milwaukee General Mitchell Int Airport,Pre-2000,42.940747650094,-87.92457103729248,550790217005018,55079021700
Existing Transit,Amtrak ,Hiawatha,Sturtevant,Pre-2000,42.718708984619674,-87.90597259998322,551010017026002,55101001702
Existing Transit,CTA,Blue Line,Addison-Blue,Pre-2000,41.94738,-87.71906,170311609001029,17031160900
Existing Transit,CTA,Blue Line,Austin-Blue,Pre-2000,41.870851,-87.776812,170318131001009,17031813100
Existing Transit,CTA,Blue Line,Belmont-Blue,Pre-2000,41.938132,-87.712359,170312106011005,17031210601
Existing Transit,CTA,Blue Line,California-O'Hare,Pre-2000,41.921939,-87.69689,170312214002003,17031221400
Existing Transit,CTA,Blue Line,Chicago-Blue,Pre-2000,41.896075,-87.655214,170312435002007,17031243500
Existing Transit,CTA,Blue Line,Cicero-Forest Park,Pre-2000,41.871574,-87.745154,170318314001009,17031831400
Existing Transit,CTA,Blue Line,Clinton-Blue,Pre-2000,41.875539,-87.640984,170318419001018,17031841900
Existing Transit,CTA,Blue Line,Cumberland,Pre-2000,41.984246,-87.838028,170317608012001,17031760801
Existing Transit,CTA,Blue Line,Damen-O'Hare,Pre-2000,41.909744,-87.677437,170312414001003,17031241400
Existing Transit,CTA,Blue Line,Division,Pre-2000,41.903355,-87.666496,170312420003002,17031242000
Existing Transit,CTA,Blue Line,Forest Park,Pre-2000,41.874257,-87.817318,170318160003011,17031816000
Existing Transit,CTA,Blue Line,Grand-Blue,Pre-2000,41.891189,-87.647578,170318423002036,17031842300
Existing Transit,CTA,Blue Line,Harlem-Forest Park,Pre-2000,41.87349,-87.806961,170318161001004,17031816100
Existing Transit,CTA,Blue Line,Harlem-O'Hare,Pre-2000,41.98227,-87.8089,170311005001001,17031100500
Existing Transit,CTA,Blue Line,Illinois Medical District,Pre-2000,41.875706,-87.673932,170318381001003,17031838100
Existing Transit,CTA,Blue Line,Irving Park-Blue,Pre-2000,41.952925,-87.729229,170311610001001,17031161000
Existing Transit,CTA,Blue Line,Jackson-Blue,Pre-2000,41.878183,-87.629296,170318391001091,17031839100
Existing Transit,CTA,Blue Line,Jefferson Park,Pre-2000,41.970634,-87.760892,170311105022028,17031110502
Existing Transit,CTA,Blue Line,Kedzie-Homan,Pre-2000,41.874341,-87.70604,170312713001016,17031271300
Existing Transit,CTA,Blue Line,LaSalle,Pre-2000,41.875568,-87.631722,170318391002031,17031839100
Existing Transit,CTA,Blue Line,Logan Square,Pre-2000,41.929728,-87.708541,170312206021006,17031220602
Existing Transit,CTA,Blue Line,Monroe-Blue,Pre-2000,41.880703,-87.629378,170318391001075,17031839100
Existing Transit,CTA,Blue Line,Montrose-Blue,Pre-2000,41.961539,-87.743574,170311601002018,17031160100
Existing Transit,CTA,Blue Line,Oak Park-Blue,Pre-2000,41.872108,-87.791602,170318132001001,17031813200
Existing Transit,CTA,Blue Line,O'Hare,Pre-2000,41.97766526,-87.90422307,170319800001006,17031980000
Existing Transit,CTA,Blue Line,Pulaski-Forest Park,Pre-2000,41.873797,-87.725663,170312607002018,17031260700
Existing Transit,CTA,Blue Line,Racine,Pre-2000,41.87592,-87.659458,170318329002001,17031832900
Existing Transit,CTA,Blue Line,Rosemont,Pre-2000,41.983507,-87.859388,170317707001021,17031770700
Existing Transit,CTA,Blue Line,UIC-Halsted,Pre-2000,41.875474,-87.649707,170318419001010,17031841900
Existing Transit,CTA,Blue Line,Washington-Blue,Pre-2000,41.883164,-87.62944,170318391001056,17031839100
Existing Transit,CTA,Blue Line,Western-Forest Park,Pre-2000,41.875478,-87.688436,170312827002002,17031282700
Existing Transit,CTA,Blue Line,Western-O'Hare,Pre-2000,41.916157,-87.687364,170312222002008,17031222200
Existing Transit,CTA,Brown Line,Addison-Brown,Pre-2000,41.947028,-87.674642,170310506002010,17031050600
Existing Transit,CTA,Brown Line,Damen-Brown,Pre-2000,41.966286,-87.678639,170318308001014,17031830800
Existing Transit,CTA,Brown Line,Francisco,Pre-2000,41.966046,-87.701644,170311408005024,17031140800
Existing Transit,CTA,Brown Line,Irving Park-Brown,Pre-2000,41.954521,-87.674868,170310501002018,17031050100
Existing Transit,CTA,Brown Line,Kedzie-Brown,Pre-2000,41.965996,-87.708821,170311407011003,17031140701
Existing Transit,CTA,Brown Line,Kimball,Pre-2000,41.967901,-87.713065,170311407011004,17031140701
Existing Transit,CTA,Brown Line,Montrose-Brown,Pre-2000,41.961756,-87.675047,170318308003001,17031830800
Existing Transit,CTA,Brown Line,Paulina,Pre-2000,41.943623,-87.670907,170318319002018,17031831900
Existing Transit,CTA,Brown Line,Rockwell,Pre-2000,41.966115,-87.6941,170310407003007,17031040700
Existing Transit,CTA,Brown Line,Southport,Pre-2000,41.943744,-87.663619,170310615001018,17031061500
Existing Transit,CTA,Brown Line,Western-Brown,Pre-2000,41.966163,-87.688502,170310406003013,17031040600
Existing Transit,CTA,"Brown Line, Orange Line, Pink Line, Blue Line, Green Line, Purple Line",Clark/Lake (Subway),Pre-2000,41.885737,-87.630886,170318391001018,17031839100
Existing Transit,CTA,"Brown Line, Pink Line, Purple Line, Orange Line",Quincy/Wells,Pre-2000,41.878723,-87.63374,170318391001096,17031839100
Existing Transit,CTA,"Brown Line, Purple Line",Diversey,Pre-2000,41.932732,-87.653131,170310630002009,17031063000
Existing Transit,CTA,"Brown Line, Purple Line",Sedgwick,Pre-2000,41.910409,-87.639302,170310804001009,17031080400
Existing Transit,CTA,"Brown Line, Purple Line",Wellington,Pre-2000,41.936033,-87.653266,170310630003003,17031063000
Existing Transit,CTA,"Brown Line, Purple Line, Orange Line, Pink Line, Green Line",Randolph/Wabash,Pre-2000,41.884431,-87.626149,170313201022008,17031320102
Existing Transit,CTA,"Brown Line, Purple Line, Pink Line, Green Line, Orange Line",Adams/Wabash,Pre-2000,41.879507,-87.626037,170313204001017,17031320400
Existing Transit,CTA,Green Line,35-Bronzeville-IIT,Pre-2000,41.831677,-87.625826,170318420002009,17031842000
Existing Transit,CTA,Green Line,43rd,Pre-2000,41.816462,-87.619021,170318358001003,17031835800
Existing Transit,CTA,Green Line,47th-Green,Pre-2000,41.809209,-87.618826,170313814001003,17031381400
Existing Transit,CTA,Green Line,51st,Pre-2000,41.80209,-87.618487,170313818002003,17031381800
Existing Transit,CTA,Green Line,Ashland/63rd,Pre-2000,41.77886,-87.663766,170316711001003,17031671100
Existing Transit,CTA,Green Line,Austin-Green,Pre-2000,41.887293,-87.774135,170312514004021,17031251400
Existing Transit,CTA,Green Line,California-Green,Pre-2000,41.88422,-87.696234,170318371002004,17031837100
Existing Transit,CTA,Green Line,Central-Green,Pre-2000,41.887389,-87.76565,170312514004027,17031251400
Existing Transit,CTA,Green Line,Cicero-Green,Pre-2000,41.886519,-87.744698,170312518003004,17031251800
Existing Transit,CTA,Green Line,Conservatory,Pre-2000,41.884904,-87.716523,170318368001008,17031836800
Existing Transit,CTA,Green Line,East 63rd-Cottage Grove,Pre-2000,41.780309,-87.605857,170314208001003,17031420800
Existing Transit,CTA,Green Line,Garfield-Green,Pre-2000,41.795172,-87.618327,170314003001020,17031400300
Existing Transit,CTA,Green Line,Halsted-Green,Pre-2000,41.778943,-87.644244,170316809004005,17031680900
Existing Transit,CTA,Green Line,Harlem-Green,Pre-2000,41.886848,-87.803176,170318123012014,17031812301
Existing Transit,CTA,Green Line,Indiana,Pre-2000,41.821732,-87.621371,170313806001004,17031380600
Existing Transit,CTA,Green Line,Kedzie-Green,Pre-2000,41.884321,-87.706155,170318371001014,17031837100
Existing Transit,CTA,Green Line,King Drive,Pre-2000,41.78013,-87.615546,170314207005001,17031420700
Existing Transit,CTA,Green Line,Laramie,Pre-2000,41.887163,-87.754986,170312518002001,17031251800
Existing Transit,CTA,Green Line,Oak Park-Green,Pre-2000,41.886988,-87.793783,170318123013013,17031812301
Existing Transit,CTA,Green Line,Pulaski-Green,Pre-2000,41.885412,-87.725404,170312601001005,17031260100
Existing Transit,CTA,Green Line,Ridgeland,Pre-2000,41.887159,-87.783661,170318125003024,17031812500
Existing Transit,CTA,"Green Line, Orange Line",Roosevelt (Elevated),Pre-2000,41.867405,-87.62659,170313301021001,17031330102
Existing Transit,CTA,"Green Line, Pink Line",Ashland-Lake,Pre-2000,41.885269,-87.666969,170312804001032,17031280400
Existing Transit,CTA,"Green Line, Pink Line, Brown Line, Orange Line, Purple Line",Madison/Wabash,Pre-2000,41.882023,-87.626098,170313204001008,17031320400
Existing Transit,CTA,Orange Line,35th/Archer,Pre-2000,41.829353,-87.680622,170315905001011,17031590500
Existing Transit,CTA,Orange Line,Ashland-Orange,Pre-2000,41.839234,-87.665317,170318432002037,17031843200
Existing Transit,CTA,Orange Line,Halsted-Orange,Pre-2000,41.84678,-87.648088,170318402001015,17031840200
Existing Transit,CTA,Orange Line,Kedzie-Orange,Pre-2000,41.804236,-87.704406,170316303002000,17031630300
Existing Transit,CTA,Orange Line,Midway,Pre-2000,41.78661,-87.737875,170319801001000,17031980100
Existing Transit,CTA,Orange Line,Pulaski-Orange,Pre-2000,41.799756,-87.724493,170316202001000,17031620200
Existing Transit,CTA,Orange Line,Western-Orange,Pre-2000,41.804546,-87.684019,170316306002005,17031630600
Existing Transit,CTA,"Orange Line, Pink Line, Brown Line, Purple Line",Harold Washington Library,Pre-2000,41.876862,-87.628196,170318391002028,17031839100
Existing Transit,CTA,Pink Line,18th,Pre-2000,41.857908,-87.669147,170313108001004,17031310800
Existing Transit,CTA,Pink Line,54th/Cermak,Pre-2000,41.85177331,-87.75669201,170318137011018,17031813701
Existing Transit,CTA,Pink Line,California-Cermak,Pre-2000,41.854109,-87.694774,170318407003006,17031840700
Existing Transit,CTA,Pink Line,Central Park,Pre-2000,41.853839,-87.714842,170318447002002,17031844700
Existing Transit,CTA,Pink Line,Cicero-Cermak,Pre-2000,41.85182,-87.745336,170318137022009,17031813702
Existing Transit,CTA,Pink Line,Damen-Cermak,Pre-2000,41.854517,-87.675975,170313109003010,17031310900
Existing Transit,CTA,Pink Line,Kedzie-Cermak,Pre-2000,41.853964,-87.705408,170318447003010,17031844700
Existing Transit,CTA,Pink Line,Kostner,Pre-2000,41.853751,-87.733258,170312925003016,17031292500
Existing Transit,CTA,Pink Line,Polk,Pre-2000,41.871551,-87.66953,170318382002007,17031838200
Existing Transit,CTA,Pink Line,Pulaski-Cermak,Pre-2000,41.853732,-87.724311,170312924002013,17031292400
Existing Transit,CTA,Pink Line,Western-Cermak,Pre-2000,41.854225,-87.685129,170318412002016,17031841200
Existing Transit,CTA,"Pink Line, Green Line",Clinton-Green,Pre-2000,41.885678,-87.641782,170312801001003,17031280100
Existing Transit,CTA,"Pink Line, Purple Line, Orange Line, Brown Line",Washington/Wells,Pre-2000,41.882695,-87.63378,170318391001054,17031839100
Existing Transit,CTA,Purple Line,Central-Purple,Pre-2000,42.063987,-87.685617,170318093001001,17031809300
Existing Transit,CTA,Purple Line,Davis,Pre-2000,42.04771,-87.683543,170318094021021,17031809402
Existing Transit,CTA,Purple Line,Dempster,Pre-2000,42.041655,-87.681602,170318094012014,17031809401
Existing Transit,CTA,Purple Line,Foster,Pre-2000,42.05416,-87.68356,170318093002020,17031809300
Existing Transit,CTA,Purple Line,Linden,Pre-2000,42.073153,-87.69073,170318013001005,17031801300
Existing Transit,CTA,Purple Line,Main,Pre-2000,42.033456,-87.679538,170318100001008,17031810000
Existing Transit,CTA,Purple Line,Noyes,Pre-2000,42.058282,-87.683337,170318093002001,17031809300
Existing Transit,CTA,Purple Line,South Boulevard,Pre-2000,42.027612,-87.678329,170318100002009,17031810000
Existing Transit,CTA,"Purple Line, Brown Line",Armitage,Pre-2000,41.918217,-87.652644,170310711002014,17031071100
Existing Transit,CTA,"Purple Line, Brown Line",Chicago-Brown,Pre-2000,41.89681,-87.635924,170310818001007,17031081800
Existing Transit,CTA,"Purple Line, Brown Line",Merchandise Mart,Pre-2000,41.888969,-87.633924,170310817002035,17031081700
Existing Transit,CTA,"Purple Line, Brown Line, Orange Line, Pink Line",LaSalle/Van Buren,Pre-2000,41.8768,-87.631739,170318391002024,17031839100
Existing Transit,CTA,"Purple Line, Brown Line, Red Line",Fullerton,Pre-2000,41.925051,-87.652866,170310711002000,17031071100
Existing Transit,CTA,"Purple Line, Pink Line, Green Line, Orange Line, Brown Line",State/Lake,Pre-2000,41.88574,-87.627835,170313201021034,17031320102
Existing Transit,CTA,"Purple Line, Red Line, Brown Line",Belmont,Pre-2000,41.939751,-87.65338,170310630001003,17031063000
Existing Transit,CTA,Red Line,47th-Red,Pre-2000,41.810318,-87.63094,170318355002004,17031835500
Existing Transit,CTA,Red Line,63rd,Pre-2000,41.780536,-87.630952,170318346001049,17031834600
Existing Transit,CTA,Red Line,69th,Pre-2000,41.768367,-87.625724,170316903002001,17031690300
Existing Transit,CTA,Red Line,79th,Pre-2000,41.750419,-87.625112,170318424002001,17031842400
Existing Transit,CTA,Red Line,87th,Pre-2000,41.735372,-87.624717,170318424001031,17031842400
Existing Transit,CTA,Red Line,95th,Pre-2000,41.722377,-87.624342,170318340002001,17031834000
Existing Transit,CTA,Red Line,Addison-Red,Pre-2000,41.947428,-87.653626,170310610001009,17031061000
Existing Transit,CTA,Red Line,Argyle,Pre-2000,41.973453,-87.65853,170310312003003,17031031200
Existing Transit,CTA,Red Line,Berwyn,Pre-2000,41.977984,-87.658668,170310307031003,17031030703
Existing Transit,CTA,Red Line,Bryn Mawr,Pre-2000,41.983504,-87.65884,170310307011002,17031030701
Existing Transit,CTA,Red Line,Cermak-Chinatown,Pre-2000,41.853206,-87.630968,170318411001016,17031841100
Existing Transit,CTA,Red Line,Chicago-Red,Pre-2000,41.896671,-87.628176,170310815001000,17031081500
Existing Transit,CTA,Red Line,Clark/Division,Pre-2000,41.90392,-87.631412,170310802021000,17031080202
Existing Transit,CTA,Red Line,Garfield-Red,Pre-2000,41.79542,-87.631157,170318356002003,17031835600
Existing Transit,CTA,Red Line,Grand-Red,Pre-2000,41.891665,-87.628021,170310815003002,17031081500
Existing Transit,CTA,Red Line,Granville,Pre-2000,41.993664,-87.659202,170310301022002,17031030102
Existing Transit,CTA,Red Line,Harrison,Pre-2000,41.874039,-87.627479,170313206002003,17031320600
Existing Transit,CTA,Red Line,Jackson-Red,Pre-2000,41.878153,-87.627596,170313204001020,17031320400
Existing Transit,CTA,Red Line,Jarvis,Pre-2000,42.015876,-87.669092,170310103004004,17031010300
Existing Transit,CTA,Red Line,Lake,Pre-2000,41.884809,-87.627813,170313201021033,17031320102
Existing Transit,CTA,Red Line,Lawrence,Pre-2000,41.969139,-87.658493,170310312002004,17031031200
Existing Transit,CTA,Red Line,Loyola,Pre-2000,42.001073,-87.661061,170310105032002,17031010503
Existing Transit,CTA,Red Line,Monroe-Red,Pre-2000,41.880745,-87.627696,170313204001011,17031320400
Existing Transit,CTA,Red Line,Morse,Pre-2000,42.008362,-87.665909,170310106004004,17031010600
Existing Transit,CTA,Red Line,North/Clybourn,Pre-2000,41.910655,-87.649177,170318422001005,17031842200
Existing Transit,CTA,Red Line,Roosevelt (Subway),Pre-2000,41.867368,-87.627402,170313302002000,17031330200
Existing Transit,CTA,Red Line,Sheridan,Pre-2000,41.953775,-87.654929,170318321002001,17031832100
Existing Transit,CTA,Red Line,Sox-35th,Pre-2000,41.831191,-87.630636,170313405001006,17031340500
Existing Transit,CTA,Red Line,Thorndale,Pre-2000,41.990259,-87.659076,170310301011002,17031030101
Existing Transit,CTA,Red Line,Wilson,Pre-2000,41.964273,-87.657588,170318307004002,17031830700
Existing Transit,CTA,"Red Line, Purple Line, Yellow Line",Howard,Pre-2000,42.019063,-87.672892,170310102021000,17031010202
Existing Transit,CTA,Yellow Line,Skokie,Pre-2000,42.038951,-87.751919,170318073001012,17031807300
Existing Transit,KAT,Kenosha Historic Streetcar,10th Ave and 56th St,2001,42.58434815076,-87.823351746033,550590010001016,55059001000
Existing Transit,KAT,Kenosha Historic Streetcar,11th Ave and 56th St,2001,42.584204152548,-87.824542661377,550590010001026,55059001000
Existing Transit,KAT,Kenosha Historic Streetcar,2nd and 56th,2001,42.585685798571,-87.813644441742,550590010003002,55059001000
Existing Transit,KAT,Kenosha Historic Streetcar,3rd and 54th,2001,42.587265634354,-87.815264495988,550590010003003,55059001000
Existing Transit,KAT,Kenosha Historic Streetcar,3rd and 56th,2001,42.585543611378,-87.814835342545,550590010003022,55059001000
Existing Transit,KAT,Kenosha Historic Streetcar,4th and 54th,2001,42.587123450773,-87.816562685152,550590010003006,55059001000
Existing Transit,KAT,Kenosha Historic Streetcar,4th and 56th,2001,42.585385625237,-87.816133531708,550590010003023,55059001000
Existing Transit,KAT,Kenosha Historic Streetcar,54th St and 11th Ave,2001,42.586158,-87.824958,550590010001013,55059001000
Existing Transit,KAT,Kenosha Historic Streetcar,5th and 56th,2001,42.585180242655,-87.817260059494,550590010003033,55059001000
Existing Transit,KAT,Kenosha Historic Streetcar,6th and 54th,2001,42.586870679162,-87.818912300249,550590010003007,55059001000
Existing Transit,KAT,Kenosha Historic Streetcar,6th and 56th,2001,42.585069651754,-87.81857970633,550590010003032,55059001000
Existing Transit,KAT,Kenosha Historic Streetcar,7th and 56th,2001,42.584864268132,-87.819834980149,550590010003031,55059001000
Existing Transit,KAT,Kenosha Historic Streetcar,8th and 54th,2001,42.586633704845,-87.821519407411,550590010003015,55059001000
Existing Transit,KAT,Kenosha Historic Streetcar,8th Ave and 56th St,2001,42.584706280267,-87.820982965607,550590010003030,55059001000
Existing Transit,Metra,Burlington Northern(BNSF),Aurora Metra,Pre-2000,41.7608333,-88.3083333,170898533002014,17089853300
Existing Transit,Metra,Burlington Northern(BNSF),Belmont Metra,Pre-2000,41.7952778,-88.0380556,170438460022000,17043846002
Existing Transit,Metra,Burlington Northern(BNSF),Berwyn Metra,Pre-2000,41.8330556,-87.7936111,170318154002000,17031815400
Existing Transit,Metra,Burlington Northern(BNSF),Brookfield Metra,Pre-2000,41.8219444,-87.8430556,170318187004015,17031818700
Existing Transit,Metra,Burlington Northern(BNSF),Cicero Metra,Pre-2000,41.8441667,-87.7455556,170318142006000,17031814200
Existing Transit,Metra,Burlington Northern(BNSF),Clarendon Hills Metra,Pre-2000,41.7969444,-87.9536111,170438451003001,17043845100
Existing Transit,Metra,Burlington Northern(BNSF),Congress Park Metra,Pre-2000,41.8188889,-87.8575,170318193003003,17031819300
Existing Transit,Metra,Burlington Northern(BNSF),Downers Grove Metra,Pre-2000,41.7952778,-88.0097222,170438449011022,17043844901
Existing Transit,Metra,Burlington Northern(BNSF),Fairview Ave. Metra,Pre-2000,41.7952778,-87.9936111,170438456021004,17043845602
Existing Transit,Metra,Burlington Northern(BNSF),Halsted Street Metra,Pre-2000,41.8602778,-87.6472222,170318419002070,17031841900
Existing Transit,Metra,Burlington Northern(BNSF),Harlem Ave. Metra,Pre-2000,41.8313889,-87.8019444,170318154003003,17031815400
Existing Transit,Metra,Burlington Northern(BNSF),Highlands Metra,Pre-2000,41.805,-87.9183333,170438453001008,17043845300
Existing Transit,Metra,Burlington Northern(BNSF),Hinsdale Metra,Pre-2000,41.8027778,-87.9283333,170438453002021,17043845300
Existing Transit,Metra,Burlington Northern(BNSF),Hollywood Metra,Pre-2000,41.8244444,-87.8338889,170318158001030,17031815800
Existing Transit,Metra,Burlington Northern(BNSF),LaGrange Road Metra,Pre-2000,41.8158333,-87.8711111,170318195002001,17031819500
Existing Transit,Metra,Burlington Northern(BNSF),Lavergne Metra,Pre-2000,41.8355556,-87.7833333,170318152003003,17031815200
Existing Transit,Metra,Burlington Northern(BNSF),Lisle Metra,Pre-2000,41.7977778,-88.0719444,170438460033000,17043846003
Existing Transit,Metra,Burlington Northern(BNSF),Naperville Metra,Pre-2000,41.7797222,-88.1455556,170438461033001,17043846103
Existing Transit,Metra,Burlington Northern(BNSF),Riverside Metra,Pre-2000,41.8272222,-87.82,170318157024007,17031815702
Existing Transit,Metra,Burlington Northern(BNSF),Route 59 Metra,Pre-2000,41.7777778,-88.2086111,170438465072000,17043846507
Existing Transit,Metra,Burlington Northern(BNSF),Stone Ave. Metra,Pre-2000,41.8141667,-87.8783333,170318195002005,17031819500
Existing Transit,Metra,Burlington Northern(BNSF),Western Avenue Metra,Pre-2000,41.8577778,-87.6852778,170318412002000,17031841200
Existing Transit,Metra,Burlington Northern(BNSF),Western Springs Metra,Pre-2000,41.8088889,-87.9011111,170318198014019,17031819801
Existing Transit,Metra,Burlington Northern(BNSF),West Hinsdale Metra,Pre-2000,41.7988889,-87.9452778,170438452002015,17043845200
Existing Transit,Metra,Burlington Northern(BNSF),Westmont Metra,Pre-2000,41.7955556,-87.9763889,170438450003000,17043845000
Existing Transit,Metra,Heritage Corridor(HC),Lemont Metra,Pre-2000,41.6736111,-88.0025,170318240051032,17031824005
Existing Transit,Metra,Heritage Corridor(HC),Lockport Metra,Pre-2000,41.585,-88.0602778,171978806021029,17197880602
Existing Transit,Metra,Heritage Corridor(HC),Summit Metra,Pre-2000,41.795,-87.8097222,170318203001007,17031820300
Existing Transit,Metra,Heritage Corridor(HC),Willow Springs Metra,Pre-2000,41.7333333,-87.8783333,170318206061014,17031820606
Existing Transit,Metra,"Heritage Corridor(HC), Rock Island(RI)",Joliet Metra,Pre-2000,41.5244444,-88.0797222,171978820002054,17197882000
Existing Transit,Metra,Metra Electric(ME),103rd St. (Rosemoor) Metra,Pre-2000,41.7069444,-87.6072222,170314909024000,17031490902
Existing Transit,Metra,Metra Electric(ME),107th St. Metra,Pre-2000,41.6997222,-87.6088889,170314909021025,17031490902
Existing Transit,Metra,Metra Electric(ME),111th St. (Pullman) Metra,Pre-2000,41.6927778,-87.6105556,170314909011027,17031490901
Existing Transit,Metra,Metra Electric(ME),147th St. Metra,Pre-2000,41.6227778,-87.6361111,170318270001007,17031827000
Existing Transit,Metra,Metra Electric(ME),18th St. Metra,Pre-2000,41.8583333,-87.6180556,170313301011010,17031330101
Existing Transit,Metra,Metra Electric(ME),211th St. Metra,Pre-2000,41.5061111,-87.6983333,170318300062000,17031830006
Existing Transit,Metra,Metra Electric(ME),27th St. Metra,Pre-2000,41.8441667,-87.6133333,170313501002004,17031350100
Existing Transit,Metra,Metra Electric(ME),47th St. (Kenwood) Metra,Pre-2000,41.8097222,-87.5913889,170313907001004,17031390700
Existing Transit,Metra,Metra Electric(ME),51st/53rd St. (Hyde Park) Metra,Pre-2000,41.8,-87.5869444,170314101002005,17031410100
Existing Transit,Metra,Metra Electric(ME),55th - 56th - 57th St. Metra,Pre-2000,41.7933333,-87.5875,170314110003012,17031411000
Existing Transit,Metra,Metra Electric(ME),59th St. (U. of Chicago) Metra,Pre-2000,41.7880556,-87.5886111,170314110002014,17031411000
Existing Transit,Metra,Metra Electric(ME),63rd St. Metra,Pre-2000,41.7802778,-87.5905556,170318439001010,17031843900
Existing Transit,Metra,Metra Electric(ME),75th St. (Grand Crossing) Metra,Pre-2000,41.7588889,-87.5952778,170314304004011,17031430400
Existing Transit,Metra,Metra Electric(ME),79th St. (Chatham) Metra,Pre-2000,41.7508333,-87.5972222,170318343002038,17031834300
Existing Transit,Metra,Metra Electric(ME),83rd St. (Avalon Park) Metra,Pre-2000,41.7441667,-87.5986111,170318343001022,17031834300
Existing Transit,Metra,Metra Electric(ME),83rd St. Metra,Pre-2000,41.745,-87.5516667,170314601004008,17031460100
Existing Transit,Metra,Metra Electric(ME),87th St. Metra,Pre-2000,41.7377778,-87.5483333,170314602002006,17031460200
Existing Transit,Metra,Metra Electric(ME),87th St. (Woodruff) Metra,Pre-2000,41.7369444,-87.6002778,170314401021008,17031440102
Existing Transit,Metra,Metra Electric(ME),91st St. Metra,Pre-2000,41.7294444,-87.6019444,170314701002005,17031470100
Existing Transit,Metra,Metra Electric(ME),95th St. Metra,Pre-2000,41.7219444,-87.6038889,170314905001000,17031490500
Existing Transit,Metra,Metra Electric(ME),Ashland Metra,Pre-2000,41.6694444,-87.6605556,170318212001002,17031821200
Existing Transit,Metra,Metra Electric(ME),Blue Island Metra,Pre-2000,41.6561111,-87.6758333,170318213002020,17031821300
Existing Transit,Metra,Metra Electric(ME),Bryn Mawr Metra,Pre-2000,41.7661111,-87.5766667,170314305001001,17031430500
Existing Transit,Metra,Metra Electric(ME),Burr Oak Metra,Pre-2000,41.6622222,-87.6688889,170318213001002,17031821300
Existing Transit,Metra,Metra Electric(ME),Calumet Metra,Pre-2000,41.5736111,-87.6625,170318284012003,17031828401
Existing Transit,Metra,Metra Electric(ME),Cheltenham (79th St.) Metra,Pre-2000,41.7522222,-87.5525,170314314003008,17031431400
Existing Transit,Metra,Metra Electric(ME),Flossmoor Metra,Pre-2000,41.5430556,-87.6786111,170318298003000,17031829800
Existing Transit,Metra,Metra Electric(ME),Harvey Metra,Pre-2000,41.6083333,-87.6438889,170318273001017,17031827300
Existing Transit,Metra,Metra Electric(ME),Hazel Crest Metra,Pre-2000,41.5808333,-87.6586111,170318277001000,17031827700
Existing Transit,Metra,Metra Electric(ME),Homewood Metra,Pre-2000,41.5622222,-87.6686111,170318284014016,17031828401
Existing Transit,Metra,Metra Electric(ME),Ivanhoe Metra,Pre-2000,41.6333333,-87.6302778,170318266003009,17031826600
Existing Transit,Metra,Metra Electric(ME),Kensington Metra,Pre-2000,41.6858333,-87.6122222,170314914001004,17031491400
Existing Transit,Metra,Metra Electric(ME),Matteson Metra,Pre-2000,41.4986111,-87.7022222,170318302021011,17031830202
Existing Transit,Metra,Metra Electric(ME),McCormick Place Metra,Pre-2000,41.8513889,-87.6163889,170313301011021,17031330101
Existing Transit,Metra,Metra Electric(ME),Museum Campus/11th St. Metra,Pre-2000,41.8686111,-87.6213889,170313206001004,17031320600
Existing Transit,Metra,Metra Electric(ME),Olympia Fields Metra,Pre-2000,41.5213889,-87.69,170318300052006,17031830005
Existing Transit,Metra,Metra Electric(ME),Racine Metra,Pre-2000,41.6741667,-87.6519444,170315304001003,17031530400
Existing Transit,Metra,Metra Electric(ME),Randolph St. Metra,Pre-2000,41.8841667,-87.6230556,170313201022004,17031320102
Existing Transit,Metra,Metra Electric(ME),Richton Park Metra,Pre-2000,41.4855556,-87.7094444,170318302012022,17031830201
Existing Transit,Metra,Metra Electric(ME),Riverdale Metra,Pre-2000,41.6466667,-87.6233333,170318215001013,17031821500
Existing Transit,Metra,Metra Electric(ME),South Chicago (93rd) Metra,Pre-2000,41.7266667,-87.5477778,170314610001024,17031461000
Existing Transit,Metra,Metra Electric(ME),South Shore Metra,Pre-2000,41.7652778,-87.5658333,170314307002001,17031430700
Existing Transit,Metra,Metra Electric(ME),State St. Metra,Pre-2000,41.6744444,-87.6219444,170315306003021,17031530600
Existing Transit,Metra,Metra Electric(ME),Stewart Ridge Metra,Pre-2000,41.6744444,-87.6316667,170315305011015,17031530501
Existing Transit,Metra,Metra Electric(ME),Stony Island Metra,Pre-2000,41.7661111,-87.5869444,170314304001000,17031430400
Existing Transit,Metra,Metra Electric(ME),University Park Metra,Pre-2000,41.4594444,-87.7233333,171978836061002,17197883606
Existing Transit,Metra,Metra Electric(ME),Van Buren St. Metra,Pre-2000,41.8769444,-87.6230556,170313204001014,17031320400
Existing Transit,Metra,Metra Electric(ME),West Pullman Metra,Pre-2000,41.6741667,-87.6422222,170315304001007,17031530400
Existing Transit,Metra,Metra Electric(ME),Windsor Park Metra,Pre-2000,41.7586111,-87.5594444,170314314002002,17031431400
Existing Transit,Metra,Milwaukee North(MD-N),Deerfield Metra,Pre-2000,42.1680556,-87.85,170978648014000,17097864801
Existing Transit,Metra,Milwaukee North(MD-N),Edgebrook Metra,Pre-2000,41.9977778,-87.7655556,170311202001013,17031120200
Existing Transit,Metra,Milwaukee North(MD-N),Forest Glen Metra,Pre-2000,41.9780556,-87.7555556,170311101001017,17031110100
Existing Transit,Metra,Milwaukee North(MD-N),Fox Lake Metra,Pre-2000,42.3983333,-88.1822222,170978609032003,17097860903
Existing Transit,Metra,Milwaukee North(MD-N),Glen/N. Glenview Metra,Pre-2000,42.0975,-87.8158333,170318023001000,17031802300
Existing Transit,Metra,Milwaukee North(MD-N),Glenview Metra,Pre-2000,42.075,-87.8055556,170318022002004,17031802200
Existing Transit,Metra,Milwaukee North(MD-N),Golf Metra,Pre-2000,42.0583333,-87.7969444,170318086002002,17031808600
Existing Transit,Metra,Milwaukee North(MD-N),Grayland Metra,Pre-2000,41.9488889,-87.7402778,170311611002004,17031161100
Existing Transit,Metra,Milwaukee North(MD-N),Grayslake Metra,Pre-2000,42.3336111,-88.0433333,170978611052016,17097861105
Existing Transit,Metra,Milwaukee North(MD-N),Healy Metra,Pre-2000,41.9247222,-87.7277778,170312207022018,17031220702
Existing Transit,Metra,Milwaukee North(MD-N),Ingleside Metra,Pre-2000,42.3838889,-88.1536111,170978609053000,17097860905
Existing Transit,Metra,Milwaukee North(MD-N),Lake-Cook Metra,Pre-2000,42.1516667,-87.8413889,170318015001024,17031801500
Existing Transit,Metra,Milwaukee North(MD-N),Lake Forest Metra,Pre-2000,42.2236111,-87.8747222,170978646011001,17097864601
Existing Transit,Metra,Milwaukee North(MD-N),Libertyville Metra,Pre-2000,42.2911111,-87.9563889,170978636041001,17097863604
Existing Transit,Metra,Milwaukee North(MD-N),Long Lake Metra,Pre-2000,42.3680556,-88.1280556,170978609054023,17097860905
Existing Transit,Metra,Milwaukee North(MD-N),Mayfair Metra,Pre-2000,41.9597222,-87.7458333,170311602004006,17031160200
Existing Transit,Metra,Milwaukee North(MD-N),Morton Grove Metra,Pre-2000,42.035,-87.7852778,170318083012040,17031808301
Existing Transit,Metra,Milwaukee North(MD-N),Northbrook Metra,Pre-2000,42.1269444,-87.8277778,170318017023001,17031801702
Existing Transit,Metra,Milwaukee North(MD-N),Prairie Crossing Metra,Pre-2000,42.3208333,-88.0152778,170978641102035,17097864110
Existing Transit,Metra,Milwaukee North(MD-N),Round Lake Metra,Pre-2000,42.3544444,-88.0941667,170978614031007,17097861403
Existing Transit,Metra,Milwaukee West(MD-W),Bartlett Metra,Pre-2000,41.9922222,-88.1838889,170318045053003,17031804505
Existing Transit,Metra,Milwaukee West(MD-W),Bensenville Metra,Pre-2000,41.9569444,-87.9419444,170438408023011,17043840802
Existing Transit,Metra,Milwaukee West(MD-W),Big Timber Metra,Pre-2000,42.0586111,-88.3277778,170898519103001,17089851910
Existing Transit,Metra,Milwaukee West(MD-W),Elgin Metra,Pre-2000,42.0361111,-88.2861111,170898515001001,17089851500
Existing Transit,Metra,Milwaukee West(MD-W),Elmwood Park Metra,Pre-2000,41.9247222,-87.8147222,170318107022003,17031810702
Existing Transit,Metra,Milwaukee West(MD-W),Franklin Park Metra,Pre-2000,41.9366667,-87.8663889,170318114014000,17031811401
Existing Transit,Metra,Milwaukee West(MD-W),Galewood Metra,Pre-2000,41.9163889,-87.7858333,170312505001000,17031250500
Existing Transit,Metra,Milwaukee West(MD-W),Grand/Cicero Metra,2006,41.9144444,-87.7461111,170312502001000,17031250200
Existing Transit,Metra,Milwaukee West(MD-W),Hanover Park Metra,Pre-2000,41.9880556,-88.1491667,170438413152000,17043841315
Existing Transit,Metra,Milwaukee West(MD-W),Hanson Park Metra,Pre-2000,41.9166667,-87.7669444,170311913021036,17031191302
Existing Transit,Metra,Milwaukee West(MD-W),Itasca Metra,Pre-2000,41.9713889,-88.0141667,170438402013017,17043840201
Existing Transit,Metra,Milwaukee West(MD-W),Mannheim Metra,Pre-2000,41.9416667,-87.8833333,170318115004015,17031811500
Existing Transit,Metra,Milwaukee West(MD-W),Mars Metra,Pre-2000,41.9191667,-87.7944444,170312505001000,17031250500
Existing Transit,Metra,Milwaukee West(MD-W),Medinah Metra,Pre-2000,41.9780556,-88.0508333,170438409011023,17043840901
Existing Transit,Metra,Milwaukee West(MD-W),Mont Clare Metra,Pre-2000,41.9216667,-87.8016667,170312505006003,17031250500
Existing Transit,Metra,Milwaukee West(MD-W),National St Metra,Pre-2000,42.0263889,-88.2788889,170898515001043,17089851500
Existing Transit,Metra,Milwaukee West(MD-W),Roselle Metra,Pre-2000,41.9813889,-88.0672222,170438410031031,17043841003
Existing Transit,Metra,Milwaukee West(MD-W),Schaumburg Metra,Pre-2000,41.9891667,-88.1180556,170438411024001,17043841102
Existing Transit,Metra,Milwaukee West(MD-W),Wood Dale Metra,Pre-2000,41.9625,-87.9752778,170438401032005,17043840103
Existing Transit,Metra,"Milwaukee West(MD-W), North Central Service(NCS), Milwaukee North(MD-N)",Western Ave Metra,Pre-2000,41.8891667,-87.6880556,170312428001024,17031242800
Existing Transit,Metra,North Central Service(NCS),Antioch Metra,Pre-2000,42.4811111,-88.0925,170978608121016,17097860812
Existing Transit,Metra,North Central Service(NCS),Buffalo Grove Metra,Pre-2000,42.1686111,-87.9413889,170978645202001,17097864520
Existing Transit,Metra,North Central Service(NCS),Franklin Pk Metra,2006,41.9377778,-87.86,170318115001015,17031811500
Existing Transit,Metra,North Central Service(NCS),Lake Villa Metra,Pre-2000,42.4175,-88.0794444,170978610122052,17097861012
Existing Transit,Metra,North Central Service(NCS),Mundelein Metra,Pre-2000,42.2669444,-87.9980556,170978640021008,17097864002
Existing Transit,Metra,North Central Service(NCS),O'Hare Transfer Metra,Pre-2000,41.995,-87.8805556,170317707002013,17031770700
Existing Transit,Metra,North Central Service(NCS),Prairie Crossing. Metra,Pre-2000,42.3180556,-88.0172222,170978641102035,17097864110
Existing Transit,Metra,North Central Service(NCS),Prairie View Metra,Pre-2000,42.1980556,-87.9558333,170978645121038,17097864512
Existing Transit,Metra,North Central Service(NCS),Prospect Hts Metra,Pre-2000,42.0922222,-87.9080556,170318026052010,17031802605
Existing Transit,Metra,North Central Service(NCS),Rosemont Metra,2006,41.9761111,-87.8738889,170317707002029,17031770700
Existing Transit,Metra,North Central Service(NCS),Round Lake Beach Metra,Pre-2000,42.385,-88.0655556,170978612021032,17097861202
Existing Transit,Metra,North Central Service(NCS),Schiller Park Metra,2006,41.9627778,-87.8705556,170317708001014,17031770800
Existing Transit,Metra,North Central Service(NCS),Vernon Hills Metra,Pre-2000,42.2155556,-87.9644444,170978645141007,17097864514
Existing Transit,Metra,North Central Service(NCS),Washington St (Grayslake) Metra,2006,42.3591667,-88.0505556,170978611071001,17097861107
Existing Transit,Metra,North Central Service(NCS),Wheeling Metra,Pre-2000,42.1363889,-87.9272222,170318025043000,17031802504
Existing Transit,Metra,"North Central Service(NCS), Milwaukee West(MD-W)",River Grove Metra,Pre-2000,41.9311111,-87.8361111,170318111001003,17031811100
Existing Transit,Metra,Rock Island(RI),103rd St Metra,Pre-2000,41.7061111,-87.6688889,170317207001002,17031720700
Existing Transit,Metra,Rock Island(RI),103rd St.-Washington Hts. Metra,Pre-2000,41.7055556,-87.6558333,170317307002016,17031730700
Existing Transit,Metra,Rock Island(RI),107th St Metra,Pre-2000,41.6988889,-87.67,170317502002002,17031750200
Existing Transit,Metra,Rock Island(RI),111th St Metra,Pre-2000,41.6927778,-87.6705556,170317502002013,17031750200
Existing Transit,Metra,Rock Island(RI),115th St Metra,Pre-2000,41.685,-87.6716667,170317505003010,17031750500
Existing Transit,Metra,Rock Island(RI),119th St Metra,Pre-2000,41.6763889,-87.6725,170318212004003,17031821200
Existing Transit,Metra,Rock Island(RI),123rd St Metra,Pre-2000,41.67,-87.6736111,170318212003000,17031821200
Existing Transit,Metra,Rock Island(RI),91st St Metra,Pre-2000,41.7280556,-87.6672222,170317201003000,17031720100
Existing Transit,Metra,Rock Island(RI),95th St.-Longwood Metra,Pre-2000,41.7211111,-87.6502778,170317304001017,17031730400
Existing Transit,Metra,Rock Island(RI),95th St Metra,Pre-2000,41.7213889,-87.6672222,170317201003011,17031720100
Existing Transit,Metra,Rock Island(RI),99th St Metra,Pre-2000,41.7136111,-87.6675,170317202003022,17031720200
Existing Transit,Metra,Rock Island(RI),Blue Island-Vermont Metra,Pre-2000,41.6547222,-87.6777778,170318212002029,17031821200
Existing Transit,Metra,Rock Island(RI),Brainerd Metra,Pre-2000,41.7322222,-87.6588889,170317302013002,17031730201
Existing Transit,Metra,Rock Island(RI),Gresham Metra,Pre-2000,41.7363889,-87.6447222,170317110002023,17031711000
Existing Transit,Metra,Rock Island(RI),Hickory Creek Metra,Pre-2000,41.5486111,-87.8455556,171978835142037,17197883514
Existing Transit,Metra,Rock Island(RI),LaSalle Street Metra,Pre-2000,41.8763889,-87.6322222,170318391002023,17031839100
Existing Transit,Metra,Rock Island(RI),Midlothian Metra,Pre-2000,41.6263889,-87.7116667,170318247022008,17031824702
Existing Transit,Metra,Rock Island(RI),Mokena Metra,Pre-2000,41.5308333,-87.8866667,171978835213014,17197883521
Existing Transit,Metra,Rock Island(RI),New Lenox Metra,Pre-2000,41.5144444,-87.9652778,171978811151003,17197881115
Existing Transit,Metra,Rock Island(RI),Oak Forest Metra,Pre-2000,41.6044444,-87.7383333,170318250001006,17031825000
Existing Transit,Metra,Rock Island(RI),Prairie St Metra,Pre-2000,41.6625,-87.675,170318212002008,17031821200
Existing Transit,Metra,Rock Island(RI),Robbins Metra,Pre-2000,41.6408333,-87.6944444,170318243001018,17031824300
Existing Transit,Metra,Rock Island(RI),Tinley-80th Metra,Pre-2000,41.5644444,-87.8094444,170318254003000,17031825400
Existing Transit,Metra,Rock Island(RI),Tinley Park Metra,Pre-2000,41.5758333,-87.7827778,170318253021036,17031825302
Existing Transit,Metra,Southwest Service(SWS),Ashburn Metra,Pre-2000,41.7416667,-87.7125,170317004013023,17031700401
Existing Transit,Metra,Southwest Service(SWS),Chicago Ridge Metra,Pre-2000,41.7033333,-87.7802778,170318230014000,17031823001
Existing Transit,Metra,Southwest Service(SWS),Laraway Road Metra,2006,41.4847222,-87.9597222,171978811131027,17197881113
Existing Transit,Metra,Southwest Service(SWS),Manhattan Metra,2006,41.4183333,-87.9891667,171978835093032,17197883509
Existing Transit,Metra,Southwest Service(SWS),Oak Lawn Metra,Pre-2000,41.7194444,-87.7486111,170318221013014,17031822101
Existing Transit,Metra,Southwest Service(SWS),Orland Park 143rd Metra,Pre-2000,41.6305556,-87.8591667,170318241161035,17031824116
Existing Transit,Metra,Southwest Service(SWS),Orland Park 153rd Metra,Pre-2000,41.6094444,-87.8733333,170318241164006,17031824116
Existing Transit,Metra,Southwest Service(SWS),Orland Park 179th Metra,Pre-2000,41.5638889,-87.9025,170318241191003,17031824119
Existing Transit,Metra,Southwest Service(SWS),Palos Heights Metra,Pre-2000,41.6819444,-87.8069444,170318238061023,17031823806
Existing Transit,Metra,Southwest Service(SWS),Palos Park Metra,Pre-2000,41.6688889,-87.8202778,170318239031025,17031823903
Existing Transit,Metra,Southwest Service(SWS),Worth Metra,Pre-2000,41.6913889,-87.7958333,170318231014002,17031823101
Existing Transit,Metra,Southwest Service(SWS),Wrightwood Metra,Pre-2000,41.7488889,-87.7036111,170317004011000,17031700401
Existing Transit,Metra,"Southwest Service(SWS), Burlington Northern(BNSF), North Central Service(NCS), Heritage Corridor(HC), Milwaukee West(MD-W), Milwaukee North(MD-N)",Chicago Union Station Metra,Pre-2000,41.8788889,-87.6388889,170312819001001,17031281900
Existing Transit,Metra,Union Pacific North(UP-N),Braeside Metra,Pre-2000,42.1527778,-87.7725,170978656001011,17097865600
Existing Transit,Metra,Union Pacific North(UP-N),Central St. Metra,Pre-2000,42.0641667,-87.6980556,170318088001045,17031808800
Existing Transit,Metra,Union Pacific North(UP-N),Evanston (Davis St.) Metra,Pre-2000,42.0480556,-87.6847222,170318094021021,17031809402
Existing Transit,Metra,Union Pacific North(UP-N),Fort Sheridan Metra,Pre-2000,42.2175,-87.8208333,170978652004032,17097865200
Existing Transit,Metra,Union Pacific North(UP-N),Glencoe Metra,Pre-2000,42.1355556,-87.7580556,170318001001013,17031800100
Existing Transit,Metra,Union Pacific North(UP-N),Great Lakes Metra,Pre-2000,42.3069444,-87.8463889,170978630051013,17097863005
Existing Transit,Metra,Union Pacific North(UP-N),Highland Park Metra,Pre-2000,42.1833333,-87.7975,170978655022021,17097865502
Existing Transit,Metra,Union Pacific North(UP-N),Highwood Metra,Pre-2000,42.2033333,-87.8105556,170978652004030,17097865200
Existing Transit,Metra,Union Pacific North(UP-N),Hubbard Woods Metra,Pre-2000,42.1180556,-87.7436111,170318003001000,17031800300
Existing Transit,Metra,Union Pacific North(UP-N),Indian Hill Metra,Pre-2000,42.0944444,-87.7238889,170318005001018,17031800500
Existing Transit,Metra,Union Pacific North(UP-N),Kenilworth Metra,Pre-2000,42.0863889,-87.7166667,170318006001022,17031800600
Existing Transit,Metra,Union Pacific North(UP-N),Kenosha Metra,Pre-2000,42.5858333,-87.8258333,550590010001004,55059001000
Existing Transit,Metra,Union Pacific North(UP-N),Lake Bluff Metra,Pre-2000,42.2797222,-87.8466667,170978633002032,17097863300
Existing Transit,Metra,Union Pacific North(UP-N),Lake Forest. Metra,Pre-2000,42.2525,-87.8397222,170978634001002,17097863400
Existing Transit,Metra,Union Pacific North(UP-N),Main St. Metra,Pre-2000,42.0333333,-87.68,170318100001008,17031810000
Existing Transit,Metra,Union Pacific North(UP-N),North Chicago Metra,Pre-2000,42.3286111,-87.8369444,170978629013014,17097862901
Existing Transit,Metra,Union Pacific North(UP-N),Ravenswood Metra,Pre-2000,41.9683333,-87.6744444,170318308001000,17031830800
Existing Transit,Metra,Union Pacific North(UP-N),Ravinia Metra,Pre-2000,42.165,-87.7827778,170978656001004,17097865600
Existing Transit,Metra,Union Pacific North(UP-N),Ravinia Park Metra,Pre-2000,42.1580556,-87.7769444,170978656001011,17097865600
Existing Transit,Metra,Union Pacific North(UP-N),Rogers Park Metra,Pre-2000,42.0094444,-87.6755556,170310107012018,17031010701
Existing Transit,Metra,Union Pacific North(UP-N),Waukegan Metra,Pre-2000,42.3605556,-87.8283333,170978622003039,17097862200
Existing Transit,Metra,Union Pacific North(UP-N),Wilmette Metra,Pre-2000,42.0772222,-87.7091667,170318013004021,17031801300
Existing Transit,Metra,Union Pacific North(UP-N),Winnetka Metra,Pre-2000,42.1052778,-87.7327778,170318005001008,17031800500
Existing Transit,Metra,Union Pacific North(UP-N),Winthrop Harbor Metra,Pre-2000,42.4827778,-87.8161111,170978601042006,17097860104
Existing Transit,Metra,Union Pacific North(UP-N),Zion Metra,Pre-2000,42.4491667,-87.8180556,170978602001003,17097860200
Existing Transit,Metra,"Union Pacific North(UP-N), Union Pacific Northwest(UP-NW)",Clybourn Metra,Pre-2000,41.9169444,-87.6680556,170318323001024,17031832300
Existing Transit,Metra,Union Pacific Northwest(UP-NW),Arlington Heights Metra,Pre-2000,42.0841667,-87.9836111,170318033002000,17031803300
Existing Transit,Metra,Union Pacific Northwest(UP-NW),Arlington Park Metra,Pre-2000,42.0952778,-88.0091667,170318039012033,17031803901
Existing Transit,Metra,Union Pacific Northwest(UP-NW),Barrington Metra,Pre-2000,42.1527778,-88.1319444,170318042021005,17031804202
Existing Transit,Metra,Union Pacific Northwest(UP-NW),Cary Metra,Pre-2000,42.2088889,-88.2413889,171118716003001,17111871600
Existing Transit,Metra,Union Pacific Northwest(UP-NW),Crystal Lake Metra,Pre-2000,42.2441667,-88.3172222,171118708082032,17111870808
Existing Transit,Metra,Union Pacific Northwest(UP-NW),Cumberland Metra,Pre-2000,42.0525,-87.9122222,170318061032008,17031806103
Existing Transit,Metra,Union Pacific Northwest(UP-NW),Dee Road Metra,Pre-2000,42.0241667,-87.8561111,170318058011001,17031805801
Existing Transit,Metra,Union Pacific Northwest(UP-NW),Des Plaines Metra,Pre-2000,42.0408333,-87.8866667,170318062023005,17031806202
Existing Transit,Metra,Union Pacific Northwest(UP-NW),Edison Park Metra,Pre-2000,42.0022222,-87.8175,170310902004023,17031090200
Existing Transit,Metra,Union Pacific Northwest(UP-NW),Fox River Grove Metra,Pre-2000,42.1977778,-88.2194444,171118714022002,17111871402
Existing Transit,Metra,Union Pacific Northwest(UP-NW),Gladstone Park Metra,Pre-2000,41.9797222,-87.7780556,170311104001007,17031110400
Existing Transit,Metra,Union Pacific Northwest(UP-NW),Harvard Metra,Pre-2000,42.4197222,-88.6175,171118703023020,17111870302
Existing Transit,Metra,Union Pacific Northwest(UP-NW),Irving Park Metra,Pre-2000,41.9525,-87.7297222,170311610001003,17031161000
Existing Transit,Metra,Union Pacific Northwest(UP-NW),Jefferson Park Metra,Pre-2000,41.9713889,-87.7633333,170311105022011,17031110502
Existing Transit,Metra,Union Pacific Northwest(UP-NW),McHenry Metra,Pre-2000,42.3433333,-88.2761111,171118706061013,17111870606
Existing Transit,Metra,Union Pacific Northwest(UP-NW),Mt. Prospect Metra,Pre-2000,42.0630556,-87.9361111,170318049012011,17031804901
Existing Transit,Metra,Union Pacific Northwest(UP-NW),Norwood Park Metra,Pre-2000,41.9916667,-87.7988889,170311002004011,17031100200
Existing Transit,Metra,Union Pacific Northwest(UP-NW),Palatine Metra,Pre-2000,42.1130556,-88.0483333,170318037011016,17031803701
Existing Transit,Metra,Union Pacific Northwest(UP-NW),Park Ridge Metra,Pre-2000,42.0102778,-87.8316667,170318055011019,17031805501
Existing Transit,Metra,Union Pacific Northwest(UP-NW),Pingree Road Metra,2005,42.2341667,-88.2980556,171118713014006,17111871301
Existing Transit,Metra,Union Pacific Northwest(UP-NW),Woodstock Metra,Pre-2000,42.3169444,-88.4475,171118709033012,17111870903
Existing Transit,Metra,Union Pacific West(UP-W),Bellwood Metra,Pre-2000,41.8913889,-87.8825,170318170005005,17031817000
Existing Transit,Metra,Union Pacific West(UP-W),Berkeley Metra,Pre-2000,41.8961111,-87.9152778,170318168001027,17031816800
Existing Transit,Metra,Union Pacific West(UP-W),College Ave Metra,Pre-2000,41.8683333,-88.0902778,170438424004003,17043842400
Existing Transit,Metra,Union Pacific West(UP-W),Elburn Metra,2006,41.8905556,-88.4638889,170898545071018,17089854507
Existing Transit,Metra,Union Pacific West(UP-W),Elmhurst Metra,Pre-2000,41.8997222,-87.9408333,170438429003000,17043842900
Existing Transit,Metra,Union Pacific West(UP-W),Geneva Metra,Pre-2000,41.8816667,-88.31,170898526082051,17089852608
Existing Transit,Metra,Union Pacific West(UP-W),Glen Ellyn Metra,Pre-2000,41.8766667,-88.0647222,170438422001026,17043842200
Existing Transit,Metra,Union Pacific West(UP-W),Kedzie Metra,Pre-2000,41.8883333,-87.7069444,170318367001030,17031836700
Existing Transit,Metra,Union Pacific West(UP-W),La Fox Metra,2006,41.8866667,-88.4122222,170898545071061,17089854507
Existing Transit,Metra,Union Pacific West(UP-W),Lombard Metra,Pre-2000,41.8866667,-88.0186111,170438435004008,17043843500
Existing Transit,Metra,Union Pacific West(UP-W),Maywood Metra,Pre-2000,41.8883333,-87.8386111,170318174001026,17031817400
Existing Transit,Metra,Union Pacific West(UP-W),Melrose Park Metra,Pre-2000,41.8902778,-87.8555556,170318164024012,17031816402
Existing Transit,Metra,Union Pacific West(UP-W),Oak Park Metra,Pre-2000,41.8869444,-87.8011111,170318123012015,17031812301
Existing Transit,Metra,Union Pacific West(UP-W),River Forest Metra,Pre-2000,41.8869444,-87.825,170318120006008,17031812000
Existing Transit,Metra,Union Pacific West(UP-W),Villa Park Metra,Pre-2000,41.8963889,-87.9775,170438431003003,17043843100
Existing Transit,Metra,Union Pacific West(UP-W),West Chicago Metra,Pre-2000,41.8811111,-88.1988889,170438415042034,17043841504
Existing Transit,Metra,Union Pacific West(UP-W),Wheaton Metra,Pre-2000,41.8644444,-88.1119444,170438425003008,17043842500
Existing Transit,Metra,Union Pacific West(UP-W),Winfield Metra,Pre-2000,41.87,-88.1569444,170438414033014,17043841403
Existing Transit,Metra,"Union Pacific West(UP-W), Union Pacific North(UP-N), Union Pacific Northwest(UP-NW)",Chicago OTC Metra,Pre-2000,41.8822222,-87.6405556,170312801001020,17031280100
Existing Transit,North Indiana Commuter Transportation District,South Shore Line,115th Street/Kensington,Pre-2000,41.685833,-87.612222,170314914001004,17031491400
Existing Transit,North Indiana Commuter Transportation District,South Shore Line,57th Street,Pre-2000,41.793333,-87.5875,170314110003012,17031411000
Existing Transit,North Indiana Commuter Transportation District,South Shore Line,63rd Street,Pre-2000,41.780278,-87.590556,170318439001010,17031843900
Existing Transit,North Indiana Commuter Transportation District,South Shore Line,Beverly Shores,Pre-2000,41.673146,-86.98548,181270501073018,18127050107
Existing Transit,North Indiana Commuter Transportation District,South Shore Line,Dune Park,Pre-2000,41.644825,-87.061063,181270502032051,18127050203
Existing Transit,North Indiana Commuter Transportation District,South Shore Line,East Chicago,Pre-2000,41.612185,-87.4801661,180890306004036,18089030600
Existing Transit,North Indiana Commuter Transportation District,South Shore Line,Gary Airport,Pre-2000,41.605491,-87.394519,180890103044042,18089010304
Existing Transit,North Indiana Commuter Transportation District,South Shore Line,Gary Metro Center,Pre-2000,41.604638,-87.337211,180890102052089,18089010205
Existing Transit,North Indiana Commuter Transportation District,South Shore Line,Hammond,Pre-2000,41.630998,-87.5153021,180890204002000,18089020400
Existing Transit,North Indiana Commuter Transportation District,South Shore Line,Hegewisch,Pre-2000,41.646544,-87.544019,170315502002013,17031550200
Existing Transit,North Indiana Commuter Transportation District,South Shore Line,Hudson Lake,Pre-2000,41.709476,-86.53758,180910418001004,18091041800
Existing Transit,North Indiana Commuter Transportation District,South Shore Line,McCormick Place,Pre-2000,41.851389,-87.616389,170313301011021,17031330101
Existing Transit,North Indiana Commuter Transportation District,South Shore Line,Michigan City-11th Street,Pre-2000,41.711729,-86.897838,180910430002043,18091043000
Existing Transit,North Indiana Commuter Transportation District,South Shore Line,Michigan City-Carroll Avenue,Pre-2000,41.713255,-86.867132,180910409001063,18091040900
Existing Transit,North Indiana Commuter Transportation District,South Shore Line,Millenium Station at Randolph Street,Pre-2000,41.884167,-87.623056,170313201022004,17031320102
Existing Transit,North Indiana Commuter Transportation District,South Shore Line,Miller,Pre-2000,41.597985,-87.269792,180890102072028,18089010207
Existing Transit,North Indiana Commuter Transportation District,South Shore Line,Museum Campus/11th Street,Pre-2000,41.868611,-87.621389,170313206001004,17031320600
Existing Transit,North Indiana Commuter Transportation District,South Shore Line,Portage/Odgen Dunes,Pre-2000,41.617344,-87.186816,181279800011034,18127980001
Existing Transit,North Indiana Commuter Transportation District,South Shore Line,South Bend Airport,Pre-2000,41.700785,-86.311078,181410110012045,18141011001
Existing Transit,North Indiana Commuter Transportation District,South Shore Line,Van Buren Street,Pre-2000,41.876944,-87.623056,170313204001014,17031320400
Proposed Transit,Metra STAR Line,Commuter Rail,Arlington Heights Road,,42.0399,-87.98339988,170317704001001,17031770400
Proposed Transit,Metra STAR Line,Commuter Rail,Aurora,,41.810699969999995,-88.22649996,170438464091002,17043846409
Proposed Transit,Metra STAR Line,Commuter Rail,Barrington Rd,,42.06670002,-88.14449988,170318047014002,17031804701
Proposed Transit,Metra STAR Line,Commuter Rail,Busse Road,,42.02510004,-87.95999988,170317704001046,17031770400
Proposed Transit,Metra STAR Line,Commuter Rail,Elmhurst Rd test,,42.01820001,-87.94050012,170318051121025,17031805112
Proposed Transit,Metra STAR Line,Commuter Rail,Golf Road,,42.05130003,-88.00660008,170318051052010,17031805105
Proposed Transit,Metra STAR Line,Commuter Rail,Ikea,,42.05819997,-88.03389996,170318046031014,17031804603
Proposed Transit,Metra STAR Line,Commuter Rail,Joliet,,41.58160002,-88.15290012,171978804271015,17197880427
Proposed Transit,Metra STAR Line,Commuter Rail,Naperville,,41.70349998,-88.23499991999999,171978803262000,17197880326
Proposed Transit,Metra STAR Line,Commuter Rail,North Avenue,,41.919399989999995,-88.23560004,170438413122029,17043841312
Proposed Transit,Metra STAR Line,Commuter Rail,Northwest Naperville,,41.77649997,-88.23229991999999,170438465072016,17043846507
Proposed Transit,Metra STAR Line,Commuter Rail,Plainfield,,41.62239999,-88.20979992,171978804231033,17197880423
Proposed Transit,Metra STAR Line,Commuter Rail,Prairie Stone/ Sears,,42.06660003,-88.21050011999999,170318043121015,17031804312
Proposed Transit,Metra STAR Line,Commuter Rail,Roselle Rd,,42.06380004,-88.07939999999999,170318046031016,17031804603
Proposed Transit,Metra STAR Line,Commuter Rail,Spaulding,,42.00290001,-88.23319991999999,170318045141022,17031804514
Proposed Transit,Metra STAR Line,Commuter Rail,Warrenville,,41.83610004,-88.21280016,170438416041011,17043841604
Proposed Transit,Metra STAR Line,Commuter Rail,West Chicago,,41.8833,-88.20920016,170438415012038,17043841501
Proposed Transit,METRA UP Northwest Extention,Commuter Rail,Johnsburg,,42.37579998,-88.28650008,171118706042002,17111870604
Proposed Transit,Orange Line Extension,Heavy Rail,Ford City Mall,,41.7559311,-87.7415706,170316505003021,17031650500
Proposed Transit,Orange Line Extension,Heavy Rail,Marquette Road,,41.77122021,-87.7372596,170316408002000,17031640800
Proposed Transit,Red Line Extension,Heavy Rail,103rd,,41.706117809999995,-87.63315444000001,170314911001000,17031491100
Proposed Transit,Red Line Extension,Heavy Rail,111th,,41.69256381,-87.63289703999999,170314911003013,17031491100
Proposed Transit,Red Line Extension,Heavy Rail,115th,,41.68407105,-87.62283323999999,170315301001022,17031530100
Proposed Transit,Red Line Extension,Heavy Rail,130th,,41.659905509999994,-87.59721275999999,170315401021009,17031540102
Proposed Transit,Yellow Line Extension,Heavy Rail,Oakton St.,,42.02626887,-87.74707319999999,170318073002000,17031807300
Proposed Transit,Yellow Line Extension,Heavy Rail,Old Orchard Mall,,42.06182229,-87.75438516,170318069001015,17031806900
